model,precision,recall,f1-score,global IoU,avg local IoU
Llama-2-7b-hf,0.12807881773399016,0.3880597014925373,0.1925925925925926,0.10655737704918032,0.13620163170163171
Llama-2-13b-chat-hf,0.24324324324324326,0.3358208955223881,0.2821316614420063,0.16423357664233576,0.207
Llama-2-70b-hf,0.16265060240963855,0.20149253731343283,0.18000000000000002,0.0989010989010989,0.1425
Llama-2-13b-hf,0.2564102564102564,0.373134328358209,0.303951367781155,0.17921146953405018,0.2623333333333333
Llama-2-7b-chat-hf,0.23958333333333334,0.34328358208955223,0.2822085889570552,0.16428571428571428,0.22
Llama-2-70b-chat-hf,0.35,0.5223880597014925,0.41916167664670656,0.26515151515151514,0.35083333333333333
