model,precision,recall,f1-score,global IoU,avg local IoU
Llama-2-7b-hf,0.6180904522613065,0.7235294117647059,0.6666666666666666,0.5,0.5508333333333335
Llama-2-13b-chat-hf,0.7868852459016393,0.5647058823529412,0.6575342465753424,0.4897959183673469,0.565
Llama-2-70b-hf,0.6567164179104478,0.5176470588235295,0.5789473684210527,0.4074074074074074,0.46166666666666656
Llama-2-13b-hf,0.6666666666666666,0.5647058823529412,0.6114649681528662,0.44036697247706424,0.5133333333333334
Llama-2-7b-chat-hf,0.6435643564356436,0.7647058823529411,0.6989247311827956,0.5371900826446281,0.56
Llama-2-70b-chat-hf,0.8924050632911392,0.8294117647058824,0.8597560975609756,0.7540106951871658,0.8183333333333336
