model,precision,recall,f1-score,global IoU,avg local IoU
Llama-2-7b-hf,0.6227967097532315,0.5206286836935167,0.5671482075976457,0.39581777445855115,0.3645525775604086
Llama-2-13b-chat-hf,0.5817805383022774,0.27603143418467585,0.374417055296469,0.230327868852459,0.21858386352835474
Llama-2-70b-hf,0.5386221294363257,0.12671905697445973,0.20516898608349904,0.11431103234381923,0.1049820694318344
Llama-2-13b-hf,0.652267818574514,0.4449901768172888,0.5290510948905109,0.3596665343390234,0.33955854823235043
Llama-2-7b-chat-hf,0.6593830334190232,0.5039292730844793,0.5712694877505567,0.39984411535463754,0.39142363295069066
Llama-2-70b-chat-hf,0.7336829836829837,0.6183693516699411,0.6711087420042644,0.5050140393100682,0.5177286588190206
