model,precision,recall,f1-score,global IoU,avg local IoU
Llama-2-7b-hf,0.21138211382113822,0.15028901734104047,0.17567567567567569,0.0962962962962963,0.12416666666666666
Llama-2-13b-chat-hf,0.21739130434782608,0.17341040462427745,0.19292604501607719,0.10676156583629894,0.149
Llama-2-70b-hf,0.22413793103448276,0.15028901734104047,0.17993079584775087,0.09885931558935361,0.13899999999999998
Llama-2-13b-hf,0.2601626016260163,0.18497109826589594,0.21621621621621623,0.12121212121212122,0.14816666666666664
Llama-2-7b-chat-hf,0.16037735849056603,0.09826589595375723,0.12186379928315413,0.0648854961832061,0.10666666666666666
Llama-2-70b-chat-hf,0.4297872340425532,0.5838150289017341,0.4950980392156863,0.3289902280130293,0.4113095238095238
