model,precision,recall,f1-score,global IoU,avg local IoU
Llama-2-7b-hf,0.15548281505728315,0.28273809523809523,0.20063357972544882,0.11150234741784038,0.11020542628166463
Llama-2-13b-chat-hf,0.1583710407239819,0.10416666666666667,0.12567324955116696,0.06704980842911877,0.06813492063492065
Llama-2-70b-hf,0.29523809523809524,0.18452380952380953,0.2271062271062271,0.128099173553719,0.14281782106782107
Llama-2-13b-hf,0.1569767441860465,0.24107142857142858,0.19014084507042253,0.10505836575875487,0.10372121136517425
Llama-2-7b-chat-hf,0.1695906432748538,0.25892857142857145,0.20494699646643108,0.1141732283464567,0.1301275113775113
Llama-2-70b-chat-hf,0.31629392971246006,0.29464285714285715,0.3050847457627119,0.18,0.20030952380952377
