model,precision,recall,f1-score,global IoU,avg local IoU
Llama-2-7b-hf,0.696551724137931,0.6474358974358975,0.6710963455149501,0.505,0.5750000000000002
Llama-2-13b-chat-hf,0.9494949494949495,0.6025641025641025,0.7372549019607842,0.5838509316770186,0.66
Llama-2-70b-hf,0.8807339449541285,0.6153846153846154,0.7245283018867924,0.5680473372781065,0.6466666666666667
Llama-2-13b-hf,0.75,0.5769230769230769,0.6521739130434783,0.4838709677419355,0.5683333333333336
Llama-2-7b-chat-hf,0.8899082568807339,0.6217948717948718,0.7320754716981132,0.5773809523809523,0.6516666666666666
Llama-2-70b-chat-hf,0.896551724137931,0.6666666666666666,0.7647058823529411,0.6190476190476191,0.68
