model,precision,recall,f1-score,global IoU,avg local IoU
Llama-2-7b-hf,0.6910569105691057,0.7870370370370371,0.735930735930736,0.5821917808219178,0.7083333333333335
Llama-2-13b-chat-hf,0.7777777777777778,0.8425925925925926,0.808888888888889,0.6791044776119403,0.8
Llama-2-70b-hf,0.639344262295082,0.7222222222222222,0.6782608695652174,0.5131578947368421,0.6483333333333334
Llama-2-13b-hf,0.7699115044247787,0.8055555555555556,0.7873303167420814,0.6492537313432836,0.775
Llama-2-7b-chat-hf,0.6341463414634146,0.7222222222222222,0.6753246753246753,0.5098039215686274,0.6533333333333334
Llama-2-70b-chat-hf,0.8114754098360656,0.9166666666666666,0.8608695652173913,0.7557251908396947,0.8433333333333333
