model,precision,recall,f1-score,global IoU,avg local IoU
Llama-2-7b-hf,0.0,0.0,0,0.0,0.0
Llama-2-13b-chat-hf,0.025510204081632654,0.028901734104046242,0.027100271002710025,0.013736263736263736,0.0325
Llama-2-70b-hf,0.0,0.0,0,0.0,0.0
Llama-2-13b-hf,0.02109704641350211,0.028901734104046242,0.024390243902439022,0.012345679012345678,0.0175
Llama-2-7b-chat-hf,0.0,0.0,0,0.0,0.0
Llama-2-70b-chat-hf,0.091324200913242,0.11560693641618497,0.10204081632653061,0.053763440860215055,0.08283333333333333
