model,precision,recall,f1-score,global IoU,avg local IoU
Llama-2-7b-hf,0.007957559681697613,0.014218009478672985,0.01020408163265306,0.005128205128205128,0.007769230769230768
Llama-2-13b-chat-hf,0.0,0.0,0,0.0,0.0
Llama-2-70b-hf,0.010948905109489052,0.0071090047393364926,0.008620689655172412,0.004329004329004329,0.01
Llama-2-13b-hf,0.008576329331046312,0.011848341232227487,0.009950248756218905,0.005,0.005353535353535353
Llama-2-7b-chat-hf,0.008976660682226212,0.011848341232227487,0.010214504596527068,0.00513347022587269,0.005502344877344877
Llama-2-70b-chat-hf,0.03225806451612903,0.026066350710900472,0.028833551769331583,0.014627659574468085,0.01533008658008658
