model,precision,recall,f1-score,global IoU,avg local IoU
Llama-2-7b-hf,0.8382352941176471,0.4541832669322709,0.5891472868217054,0.4175824175824176,0.5515634920634921
Llama-2-13b-chat-hf,0.8347826086956521,0.38247011952191234,0.5245901639344261,0.35555555555555557,0.49096825396825394
Llama-2-70b-hf,0.9029126213592233,0.3705179282868526,0.5254237288135593,0.3563218390804598,0.468063492063492
Llama-2-13b-hf,0.8153846153846154,0.42231075697211157,0.5564304461942257,0.38545454545454544,0.5192063492063492
Llama-2-7b-chat-hf,0.7349397590361446,0.4860557768924303,0.5851318944844125,0.4135593220338983,0.5437063492063493
Llama-2-70b-chat-hf,0.8280254777070064,0.5179282868525896,0.6372549019607844,0.4676258992805755,0.5741587301587302
