model,precision,recall,f1-score,global IoU,avg local IoU
Llama-2-7b-hf,0.21710526315789475,0.16666666666666666,0.18857142857142856,0.10410094637223975,0.12030952380952384
Llama-2-13b-chat-hf,0.3188405797101449,0.2222222222222222,0.2619047619047619,0.1506849315068493,0.17435714285714288
Llama-2-70b-hf,0.2773109243697479,0.16666666666666666,0.2082018927444795,0.11619718309859155,0.17566666666666667
Llama-2-13b-hf,0.2602739726027397,0.1919191919191919,0.22093023255813954,0.12418300653594772,0.15535026737967916
Llama-2-7b-chat-hf,0.20930232558139536,0.13636363636363635,0.16513761467889906,0.09,0.14069047619047623
Llama-2-70b-chat-hf,0.5990338164251208,0.6262626262626263,0.6123456790123457,0.4412811387900356,0.49300000000000005
